[
    {
        "id": 1,
        "title": "리액트에서 리스트 렌더링하기",
        "content": "안녕하세요, 소플입니다.\n이번 글에서는", 
        "comments": [
            {
                "id": 11,
                "content": "실제로 개발하다보면 map함수를 진짜 많이 쓰는 것 같아요"
            },
            {
                "id": 12,
                "content": "적용해보니 코드가 정말 간결해지네요ㅎㅎ"
            }
        ]
    },
    {
        "id": 2,
        "title": "리액트의 조건부 렌더링이란?",
        "content": "안녕하세요, 소플입니다.\n이번 ",
        "comments": [
            {
                "id": 21,
                "content": "이렇게 사용하는 방법이 있었군요!"
            }
        ]
    }
]
